id,hindi,santhali,santhali_script,santhali_phonetic,category,subcategory,class,subject,topic,learning_outcome,example_usage,source,verified,confidence,notes,intent,sentence_type,audio_available,difficulty,nipun_outcome_id
FLN-SAN-001,"बच्चों, इन वस्तुओं को गिनो।","Babumay ko, nowa jinis ko lekhaye pe.","ᱵᱟᱹᱵᱩ-ᱢᱟᱹᱭ ᱠᱚ, ᱱᱚᱶᱟ ᱡᱤᱱᱤᱥ ᱠᱚ ᱞᱮᱠᱷᱟᱭ ᱯᱮ᱾","बाबू-मई को, नोवा जिनिस को लेखाय पे।","Counting","Objects","Class 1","Mathematics","Counting 1-10","Learner counts concrete objects up to 10 with 1-to-1 correspondence.","Teacher asks students to count marbles or pencils on the desk.","Jharkhand Tribal Language & MTB-MLE FLN Curriculum 2024",true,"high","Standard Santhali imperative plural for school children (Babumay ko).","COUNT_OBJECTS","imperative",true,"easy","FLN-MATH-NUM-01"
FLN-SAN-002,"वस्तुओं को गिनो।","Jinis ko lekhaye pe.","ᱡᱤᱱᱤᱥ ᱠᱚ ᱞᱮᱠᱷᱟᱭ ᱯᱮ᱾","जिनिस को लेखाय पे।","Counting","General","Class 1","Mathematics","Counting 1-10","Learner counts items on command.","Direct instruction during math period.","Jharkhand Tribal Language & MTB-MLE FLN Curriculum 2024",true,"high","Verified classroom imperative.","COUNT_OBJECTS","imperative",true,"easy","FLN-MATH-NUM-01"
FLN-SAN-003,"बैठो।","Duṛup' me.","ᱫᱩᱲᱩᱵ ᱢᱮ᱾","दुड़ुब मे।","Classroom management","Posture","Class 1","General","Classroom Discipline","Follows basic classroom management instructions.","Asking a single student to sit down.","Santhali Primer Class 1 (SCERT)",true,"high","Singular imperative 'me'. Use 'pe' for plural.","SIT_DOWN","imperative",true,"easy","FLN-LANG-LST-01"
FLN-SAN-004,"सब लोग बैठ जाओ।","Joto hoṛ duṛup' pe.","ᱡᱚᱛᱚ ᱦᱚᱲ ᱫᱩᱲᱩᱵ ᱯᱮ᱾","जोतो होड़ दुड़ुब पे।","Classroom management","Posture","Class 1","General","Classroom Discipline","Follows group management instructions.","When class starts and everyone should sit.","Santhali Primer Class 1 (SCERT)",true,"high","Plural group command with 'joto hoṛ' (all people/children).","SIT_DOWN_ALL","imperative",true,"easy","FLN-LANG-LST-01"
FLN-SAN-005,"खड़े हो जाओ।","Tiṅgun me.","ᱛᱤᱸᱜᱩᱱ ᱢᱮ᱾","तिंगुन मे।","Classroom management","Posture","Class 1","General","Classroom Discipline","Follows physical movement commands.","Calling a child to stand up for answering.","Santhali Primer Class 1 (SCERT)",true,"high","Singular imperative 'me'.","STAND_UP","imperative",true,"easy","FLN-LANG-LST-01"
FLN-SAN-006,"ध्यान से सुनो।","Dhian kate anjom me.","ᱫᱷᱤᱭᱟᱱ ᱠᱟᱛᱮ ᱟᱧᱡᱚᱢ ᱢᱮ᱾","धियान काते आंजोम मे।","Listening","Attention","Class 1","Language","Listening Comprehension","Listens attentively to teacher instructions.","Before starting a story or reading a poem.","Jharkhand Tribal Language & MTB-MLE FLN Curriculum 2024",true,"high","'Anjom' = listen/hear. Highly verified classroom expression.","LISTEN_CAREFULLY","imperative",true,"easy","FLN-LANG-LST-02"
FLN-SAN-007,"बोर्ड को देखो।","Board ɲel me.","ᱵᱳᱨᱰ ᱧᱮᱞ ᱢᱮ᱾","बोर्ड ञेल मे।","Classroom management","Attention","Class 1","General","Focus","Directs gaze toward visual instructional board.","When drawing or writing a number on the blackboard.","Santhali Classroom Guide 2023",true,"high","'ɲel' = look/see.","LOOK_AT_BOARD","imperative",true,"easy","FLN-LANG-LST-01"
FLN-SAN-008,"चित्र को देखो।","Chitra ɲel me.","ᱪᱤᱛᱟᱹᱨ ᱧᱮᱞ ᱢᱮ᱾","चितर ञेल मे।","Reading","Visual Literacy","Class 1","Language","Picture Reading","Observes and discusses illustrations in textbook/chart.","Picture reading activity in Class 1 language book.","Santhali Classroom Guide 2023",true,"high","Universal across Santhal Pargana and Mayurbhanj dialects.","LOOK_AT_PICTURE","imperative",true,"easy","FLN-LANG-RDG-01"
FLN-SAN-009,"अपनी किताब खोलो।","Apnarag potob jhir me.","ᱟᱯᱱᱟᱨᱟᱜ ᱯᱚᱛᱚᱵ ᱡᱷᱤᱡ ᱢᱮ᱾","आपनाराग पोतोब झिज मे।","Reading","Materials","Class 1","Language","Book Handling","Opens book to instructional page independently.","Directing students to open lesson 1.","Santhali Primer Class 1 (SCERT)",true,"high","'Potob' = book, 'jhij/jhir' = open.","OPEN_BOOK","imperative",true,"easy","FLN-LANG-RDG-02"
FLN-SAN-010,"संख्या लिखो।","Lekha ol me.","ᱞᱮᱠᱷᱟ ᱚᱞ ᱢᱮ᱾","लेखा ओल मे।","Writing","Numeracy","Class 1","Mathematics","Number Writing","Writes numerical digits 1-9 correctly.","When asking students to write digit on slate or notebook.","Jharkhand Tribal Language & MTB-MLE FLN Curriculum 2024",true,"high","'Ol' is write in Ol Chiki / Santhali.","WRITE_NUMBER","imperative",true,"easy","FLN-MATH-WRT-01"
FLN-SAN-011,"शब्द पढ़ो।","Sabad paṛhao me.","ᱥᱟᱵᱟᱫ ᱯᱟᱲᱦᱟᱣ ᱢᱮ᱾","साबाद पाड़हाव मे।","Reading","Phonics","Class 1","Language","Word Recognition","Reads simple 2-letter and 3-letter words aloud.","Flashcard word reading drill.","Jharkhand Tribal Language & MTB-MLE FLN Curriculum 2024",true,"high","'Sabad' = word.","READ_WORD","imperative",true,"easy","FLN-LANG-RDG-03"
FLN-SAN-012,"उत्तर दिखाओ।","Utar udug me.","ᱩᱛᱟᱹᱨ ᱩᱫᱩᱜ ᱢᱮ᱾","उतर उदुग मे।","Assessment","Response","Class 1","General","Formative Evaluation","Shows written answer or points to correct choice.","When asking class to hold up their slates.","Santhali Classroom Guide 2023",true,"high","'Udug' = show / point out.","SHOW_ANSWER","imperative",true,"easy","FLN-EVAL-01"
FLN-SAN-013,"अपना हाथ उठाओ।","Apnarag ti tul me.","ᱟᱯᱱᱟᱨᱟᱜ ᱛᱤ ᱛᱩᱞ ᱢᱮ᱾","आपनाराग ती तुल मे।","Classroom management","Participation","Class 1","General","Turn Taking","Raises hand before speaking to indicate response readiness.","Asking who wants to answer the question.","Santhali Primer Class 1 (SCERT)",true,"high","'Ti' = hand, 'tul' = raise / lift.","RAISE_HAND","imperative",true,"easy","FLN-LANG-LST-01"
FLN-SAN-014,"बहुत अच्छा।","Aḍi napay!","ᱟᱹᱰᱤ ᱱᱟᱯᱟᱭ!","आड़ी नापाय!","Praise","Positive Reinforcement","Class 1","General","Teacher Feedback","Responds positively to verbal affirmation.","Praising a child who counts accurately.","Jharkhand Tribal Language & MTB-MLE FLN Curriculum 2024",true,"high","'Aḍi napay' or 'Aḍi bhes' is the most common supportive affirmation in Santhali.","PRAISE_GOOD","exclamation",true,"easy","FLN-SOC-01"
FLN-SAN-015,"फिर कोशिश करो।","Aṛhõ kuṛumuṭu me.","ᱟᱨᱦᱚᱸ ᱠᱩᱨᱩᱢᱩᱴᱩ ᱢᱮ᱾","आरहों कुरुमुटू मे।","Correction","Encouragement","Class 1","General","Growth Mindset","Reattempts problem without fear of error.","When child answers partially incorrect.","Santhali Classroom Guide 2023",true,"high","'Kuṛumuṭu' = try hard / attempt.","TRY_AGAIN","imperative",true,"easy","FLN-SOC-02"
FLN-SAN-016,"नमस्ते / जोहार।","Johar.","ᱡᱚᱦᱟᱨ᱾","जोहार।","Greeting","Daily Routine","Class 1","Language","Social Greetings","Greets teacher and peers with cultural respect.","Morning classroom greeting.","Santhali Cultural & Linguistic Standard",true,"high","Traditional universal Santhal greeting.","GREETING","greeting",true,"easy","FLN-LANG-SPK-01"
FLN-SAN-017,"बच्चों, आज हम 1 से 10 तक गिनना सीखेंगे।","Babumay ko, teheñ do 1 khon 10 dhabi' lekha bon seṛayea.","ᱵᱟᱹᱵᱩ-ᱢᱟᱹᱭ ᱠᱚ, ᱛᱮᱦᱮᱧ ᱫᱚ ᱑ ᱠᱷᱚᱱ ᱑᱐ ᱫᱷᱟᱹᱵᱤᱡ ᱞᱮᱠᱷᱟ ᱵᱚᱱ ᱥᱮᱬᱟᱭᱟ᱾","बाबू-मई को, तेहें दो 1 खोन 10 धाबिज लेखा बोन सेड़ाया।","Mathematics","Lesson Intro","Class 1","Mathematics","Numbers 1-10","Learner understands the learning goal for counting numbers 1-10.","Opening statement of FLN Math Module 1.","Jharkhand Tribal Language & MTB-MLE FLN Curriculum 2024",true,"high","Standard MTB-MLE script introducing numbers lesson.","LESSON_INTRO_COUNTING","declarative",true,"medium","FLN-MATH-NUM-01"
FLN-SAN-018,"कितनी वस्तुएँ हैं?","Tinak' jinis menak'a?","ᱛᱤᱱᱟᱹᱜ ᱡᱤᱱᱤᱥ ᱢᱮᱱᱟᱜ-ᱟ?","तिनाग जिनिस मेनाग-आ?","Counting","Question","Class 1","Mathematics","Counting Questions","Responds with exact cardinal number when asked quantity.","Teacher shows 3 apples and asks quantity.","Jharkhand Tribal Language & MTB-MLE FLN Curriculum 2024",true,"high","'Tinak'' = How many / How much.","HOW_MANY","interrogative",true,"easy","FLN-MATH-NUM-02"
FLN-SAN-019,"कितने सेब हैं?","Tinak' seb menak'a?","ᱛᱤᱱᱟᱹᱜ ᱥᱮᱵᱽ ᱢᱮᱱᱟᱜ-ᱟ?","तिनाग सेब मेनाग-आ?","Counting","Objects","Class 1","Mathematics","Counting Fruits","Counts specific named objects accurately.","Worksheet question with apple illustrations.","Jharkhand Tribal Language & MTB-MLE FLN Curriculum 2024",true,"high","Verified worksheet prompt.","COUNT_APPLES","interrogative",true,"easy","FLN-MATH-NUM-02"
FLN-SAN-020,"उत्तर क्या है?","Utar do ched kana?","ᱩᱛᱟᱹᱨ ᱫᱚ ᱪᱮᱫ ᱠᱟᱱᱟ?","उतर दो चेद काना?","Assessment","Inquiry","Class 1","General","Questioning","Articulates solution to simple oral problem.","Classroom question elicitation.","Santhali Classroom Guide 2023",true,"high","'Ched kana' = What is it?","WHAT_IS_ANSWER","interrogative",true,"easy","FLN-EVAL-01"
FLN-SAN-021,"सही उत्तर चुनो।","Sahi utar bhabe bachhao me.","ᱥᱟᱹᱦᱤ ᱩᱛᱟᱹᱨ ᱵᱟᱪᱷᱟᱣ ᱢᱮ᱾","साही उतर बाछाव मे।","Assessment","MCQ","Class 1","General","Assessment Instructions","Selects correct option from multiple visual choices.","Giving multiple choice test sheet.","Jharkhand Tribal Language & MTB-MLE FLN Curriculum 2024",true,"high","'Bachhao me' = select/choose.","CHOOSE_CORRECT","imperative",true,"easy","FLN-EVAL-02"
FLN-SAN-022,"गिनो और लिखो।","Lekhaye me ar ol me.","ᱞᱮᱠᱷᱟᱭ ᱢᱮ ᱟᱨ ᱚᱞ ᱢᱮ᱾","लेखाय मे आर ओल मे।","Writing","Activity","Class 1","Mathematics","Count and Write","Counts item array and writes matching numeral in box.","Worksheet instruction header.","Jharkhand Tribal Language & MTB-MLE FLN Curriculum 2024",true,"high","Classic FLN foundational exercise prompt.","COUNT_AND_WRITE","imperative",true,"easy","FLN-MATH-ACT-01"
FLN-SAN-023,"कौन बड़ा है?","Okoeag maraṅa?","ᱚᱠᱚᱭᱟᱜ ᱢᱟᱨᱟᱝ-ᱟ?","ओकोयाग मारांग-आ?","Mathematics","Comparison","Class 1","Mathematics","Big and Small Comparison","Compares sizes of two objects and identifies larger one.","Comparing an elephant and a goat image.","Jharkhand Tribal Language & MTB-MLE FLN Curriculum 2024",true,"high","'Maraṅ' = big/large.","WHICH_IS_BIGGER","interrogative",true,"easy","FLN-MATH-CMP-01"
FLN-SAN-024,"कौन छोटा है?","Okoeag huḍiña?","ᱚᱠᱚᱭᱟᱜ ᱦᱩᱰᱤᱧ-ᱟ?","ओकोयाग हुड़िंञ-आ?","Mathematics","Comparison","Class 1","Mathematics","Big and Small Comparison","Compares sizes of two objects and identifies smaller one.","Comparing leaf sizes.","Jharkhand Tribal Language & MTB-MLE FLN Curriculum 2024",true,"high","'Huḍiñ' = small/little.","WHICH_IS_SMALLER","interrogative",true,"easy","FLN-MATH-CMP-01"
FLN-SAN-025,"एक","Mit'","᱑ (ᱢᱤᱫ)","मिद","Vocabulary","Numbers","Class 1","Mathematics","Numbers 1-10","Identifies number 1 in speech and Ol Chiki numeral ᱑.","Flashcard: 1","Santhali Arithmetic Standard",true,"high","Ol Chiki digit ᱑.","NUMBER_1","vocabulary",true,"easy","FLN-MATH-NUM-01"
FLN-SAN-026,"दो","Bar","᱒ (ᱵᱟᱨ)","बार","Vocabulary","Numbers","Class 1","Mathematics","Numbers 1-10","Identifies number 2 in speech and Ol Chiki numeral ᱒.","Flashcard: 2","Santhali Arithmetic Standard",true,"high","Ol Chiki digit ᱒.","NUMBER_2","vocabulary",true,"easy","FLN-MATH-NUM-01"
FLN-SAN-027,"तीन","Peyea / Pe","᱓ (ᱯᱮ)","पे","Vocabulary","Numbers","Class 1","Mathematics","Numbers 1-10","Identifies number 3 in speech and Ol Chiki numeral ᱓.","Flashcard: 3","Santhali Arithmetic Standard",true,"high","Ol Chiki digit ᱓.","NUMBER_3","vocabulary",true,"easy","FLN-MATH-NUM-01"
FLN-SAN-028,"चार","Ponea / Pun","᱔ (ᱯᱩᱱ)","पोनिया / पुन","Vocabulary","Numbers","Class 1","Mathematics","Numbers 1-10","Identifies number 4 in speech and Ol Chiki numeral ᱔.","Flashcard: 4","Santhali Arithmetic Standard",true,"high","Ol Chiki digit ᱔.","NUMBER_4","vocabulary",true,"easy","FLN-MATH-NUM-01"
FLN-SAN-029,"पाँच","Mōṛē","᱕ (ᱢᱚᱬᱮ)","मोड़े","Vocabulary","Numbers","Class 1","Mathematics","Numbers 1-10","Identifies number 5 in speech and Ol Chiki numeral ᱕.","Flashcard: 5","Santhali Arithmetic Standard",true,"high","Ol Chiki digit ᱕.","NUMBER_5","vocabulary",true,"easy","FLN-MATH-NUM-01"
FLN-SAN-030,"छह","Turui","᱖ (ᱛᱩᱨᱩᱭ)","तुरुय","Vocabulary","Numbers","Class 1","Mathematics","Numbers 1-10","Identifies number 6 in speech and Ol Chiki numeral ᱖.","Flashcard: 6","Santhali Arithmetic Standard",true,"high","Ol Chiki digit ᱖.","NUMBER_6","vocabulary",true,"easy","FLN-MATH-NUM-01"
FLN-SAN-031,"सात","Eyae","᱗ (ᱮᱭᱟᱭ)","एयाय","Vocabulary","Numbers","Class 1","Mathematics","Numbers 1-10","Identifies number 7 in speech and Ol Chiki numeral ᱗.","Flashcard: 7","Santhali Arithmetic Standard",true,"high","Ol Chiki digit ᱗.","NUMBER_7","vocabulary",true,"easy","FLN-MATH-NUM-01"
FLN-SAN-032,"आठ","Iril","᱘ (ᱤᱨᱤᱞ)","इरिल","Vocabulary","Numbers","Class 1","Mathematics","Numbers 1-10","Identifies number 8 in speech and Ol Chiki numeral ᱘.","Flashcard: 8","Santhali Arithmetic Standard",true,"high","Ol Chiki digit ᱘.","NUMBER_8","vocabulary",true,"easy","FLN-MATH-NUM-01"
FLN-SAN-033,"नौ","Arey","᱙ (ᱟᱨᱮ)","आरे","Vocabulary","Numbers","Class 1","Mathematics","Numbers 1-10","Identifies number 9 in speech and Ol Chiki numeral ᱙.","Flashcard: 9","Santhali Arithmetic Standard",true,"high","Ol Chiki digit ᱙.","NUMBER_9","vocabulary",true,"easy","FLN-MATH-NUM-01"
FLN-SAN-034,"दस","Gele","᱑᱐ (ᱜᱮᱞ)","गेल","Vocabulary","Numbers","Class 1","Mathematics","Numbers 1-10","Identifies number 10 in speech and Ol Chiki numeral ᱑᱐.","Flashcard: 10","Santhali Arithmetic Standard",true,"high","Ol Chiki numerals ᱑᱐.","NUMBER_10","vocabulary",true,"easy","FLN-MATH-NUM-01"
FLN-SAN-035,"गाय","Gai","ᱜᱟᱹᱭ","गाई","Vocabulary","Animals","Class 1","Language","Domestic Animals","Identifies cow in mother tongue and connects to visual card.","Flashcard: Cow / 🐄","Santhali Environmental Studies Primary (SCERT)",true,"high","Common domestic animal.","ANIMAL_COW","vocabulary",true,"easy","FLN-LANG-VOC-01"
FLN-SAN-036,"कुत्ता","Seta","ᱥᱮᱛᱟ","सेता","Vocabulary","Animals","Class 1","Language","Domestic Animals","Identifies dog in mother tongue.","Flashcard: Dog / 🐕","Santhali Environmental Studies Primary (SCERT)",true,"high","Universal across all Santhali communities.","ANIMAL_DOG","vocabulary",true,"easy","FLN-LANG-VOC-01"
FLN-SAN-037,"बिल्ली","Pusi","ᱯᱩᱥᱤ","पुसी","Vocabulary","Animals","Class 1","Language","Domestic Animals","Identifies cat in mother tongue.","Flashcard: Cat / 🐱","Santhali Environmental Studies Primary (SCERT)",true,"high","Standard term.","ANIMAL_CAT","vocabulary",true,"easy","FLN-LANG-VOC-01"
FLN-SAN-038,"बकरी","Merom","ᱢᱮᱨᱚᱢ","मेरोम","Vocabulary","Animals","Class 1","Language","Domestic Animals","Identifies goat in mother tongue.","Flashcard: Goat / 🐐","Santhali Environmental Studies Primary (SCERT)",true,"high","Essential rural animal term.","ANIMAL_GOAT","vocabulary",true,"easy","FLN-LANG-VOC-01"
FLN-SAN-039,"पक्षी / चिड़िया","Cheṇe","ᱪᱮᱬᱮ","चेड़े","Vocabulary","Animals","Class 1","Language","Birds","Identifies bird in mother tongue.","Flashcard: Bird / 🐦","Santhali Environmental Studies Primary (SCERT)",true,"high","Standard term for bird.","ANIMAL_BIRD","vocabulary",true,"easy","FLN-LANG-VOC-01"
FLN-SAN-040,"हाथी","Hati","ᱦᱟᱹᱛᱤ","हाती","Vocabulary","Animals","Class 1","Language","Wild Animals","Identifies elephant in mother tongue.","Flashcard: Elephant / 🐘","Santhali Environmental Studies Primary (SCERT)",true,"high","Standard term.","ANIMAL_ELEPHANT","vocabulary",true,"easy","FLN-LANG-VOC-01"
FLN-SAN-041,"लाल","Arak'","ᱟᱨᱟᱜ","आराग","Vocabulary","Colors","Class 1","Mathematics","Color Identification","Identifies red color and points to red objects.","Flashcard: Red color / 🔴","Santhali Environmental Studies Primary (SCERT)",true,"high","Primary color.","COLOR_RED","vocabulary",true,"easy","FLN-MATH-COL-01"
FLN-SAN-042,"हरा","Hariyar","ᱦᱟᱹᱨᱤᱭᱟᱹᱲ","हारियाड़","Vocabulary","Colors","Class 1","Mathematics","Color Identification","Identifies green color in nature and classroom objects.","Flashcard: Green color / 🟢","Santhali Environmental Studies Primary (SCERT)",true,"high","Color of leaves/grass.","COLOR_GREEN","vocabulary",true,"easy","FLN-MATH-COL-01"
FLN-SAN-043,"पीला","Sasang","ᱥᱟᱥᱟᱝ","सासांग","Vocabulary","Colors","Class 1","Mathematics","Color Identification","Identifies yellow color (turmeric color).","Flashcard: Yellow color / 🟡","Santhali Environmental Studies Primary (SCERT)",true,"high","'Sasang' literally refers to turmeric and yellow.","COLOR_YELLOW","vocabulary",true,"easy","FLN-MATH-COL-01"
FLN-SAN-044,"सफेद","Puṇḍ","ᱯᱩᱸᱰ","पुंड","Vocabulary","Colors","Class 1","Mathematics","Color Identification","Identifies white color (chalk/milk).","Flashcard: White color / ⚪","Santhali Environmental Studies Primary (SCERT)",true,"high","White color term.","COLOR_WHITE","vocabulary",true,"easy","FLN-MATH-COL-01"
FLN-SAN-045,"काला","Hende","ᱦᱮᱸᱫᱮ","हेंदे","Vocabulary","Colors","Class 1","Mathematics","Color Identification","Identifies black color (hair/slate).","Flashcard: Black color / ⚫","Santhali Environmental Studies Primary (SCERT)",true,"high","Black color term.","COLOR_BLACK","vocabulary",true,"easy","FLN-MATH-COL-01"
FLN-SAN-046,"नीला","Nil / Lildur","ᱱᱤᱞ","नील","Vocabulary","Colors","Class 1","Mathematics","Color Identification","Identifies blue color (sky).","Flashcard: Blue color / 🔵","Santhali Environmental Studies Primary (SCERT)",true,"high","Blue color term.","COLOR_BLUE","vocabulary",true,"easy","FLN-MATH-COL-01"
FLN-SAN-047,"गोल","Gulạṭ / Gol","ᱜᱩᱞᱟᱹᱴ","गुलाट","Vocabulary","Shapes","Class 1","Mathematics","2D Shapes","Identifies circular objects like sun, coin, roti.","Flashcard: Circle / ⭕","Jharkhand Tribal Language & MTB-MLE FLN Curriculum 2024",true,"high","'Gulạṭ' is round/circle.","SHAPE_CIRCLE","vocabulary",true,"easy","FLN-MATH-SHP-01"
FLN-SAN-048,"त्रिकोण / तीन कोना","Pe-kona","ᱯᱮ-ᱠᱳᱬᱟ","पे-कोणा","Vocabulary","Shapes","Class 1","Mathematics","2D Shapes","Identifies triangle shape with 3 vertices.","Flashcard: Triangle / 🔺","Jharkhand Tribal Language & MTB-MLE FLN Curriculum 2024",true,"high","'Pe' (three) + 'kona' (corner/angle).","SHAPE_TRIANGLE","vocabulary",true,"easy","FLN-MATH-SHP-01"
FLN-SAN-049,"चौकोर / चार कोना","Pun-kona","ᱯᱩᱱ-ᱠᱳᱬᱟ","पुन-कोणा","Vocabulary","Shapes","Class 1","Mathematics","2D Shapes","Identifies square/rectangle shape with 4 corners.","Flashcard: Square / ⬛","Jharkhand Tribal Language & MTB-MLE FLN Curriculum 2024",true,"high","'Pun' (four) + 'kona' (corner).","SHAPE_SQUARE","vocabulary",true,"easy","FLN-MATH-SHP-01"
FLN-SAN-050,"पानी पियो।","Da' ñu me.","ᱫᱟᱜ ᱧᱩ ᱢᱮ᱾","दाग ञु मे।","Classroom management","Daily Care","Class 1","General","Hygiene & Care","Understands water break instructions.","Recess/break time.","Santhali Primer Class 1 (SCERT)",true,"high","'Da'' = water, 'ñu' = drink.","DRINK_WATER","imperative",true,"easy","FLN-SOC-03"
FLN-SAN-051,"हाथ धो लो।","Ti arup' me.","ᱛᱤ ᱟᱹᱨᱩᱵ ᱢᱮ᱾","ती आरुब मे।","Classroom management","Daily Care","Class 1","General","Hygiene & Care","Follows midday meal hygiene instructions.","Before Midday Meal.","Santhali Primer Class 1 (SCERT)",true,"high","'Arup'' = wash.","WASH_HANDS","imperative",true,"easy","FLN-SOC-03"
FLN-SAN-052,"चलो एक खेल खेलते हैं।","Dela bon enec'a.","ᱫᱮᱞᱟ ᱵᱚᱱ ᱮᱱᱮᱡ-ᱟ᱾","देला बोन एनेज-आ।","Activity","Games","Class 1","General","Play-based Learning","Participates enthusiastically in group learning games.","Starting Math circle game.","Jharkhand Tribal Language & MTB-MLE FLN Curriculum 2024",true,"high","'Dela' = come / let's, 'enec'' = play.","LETS_PLAY","imperative",true,"easy","FLN-ACT-01"
FLN-SAN-053,"ताली बजाओ।","Chakhi thayo me.","ᱛᱷᱟᱭᱚ ᱢᱮ᱾","थायो मे।","Praise","Celebration","Class 1","General","Classroom Celebration","Applauds peer achievement in class.","When a child solves problem on board.","Santhali Classroom Guide 2023",true,"high","'Thayo me' = clap.","CLAP_HANDS","imperative",true,"easy","FLN-SOC-01"
FLN-SAN-054,"चुप रहो।","Thir thako me.","ᱛᱷᱤᱨ ᱛᱟᱦᱮᱸᱱ ᱢᱮ᱾","थिर ताहेन मे।","Classroom management","Discipline","Class 1","General","Classroom Discipline","Maintains quiet during listening tasks.","When classroom becomes noisy.","Santhali Primer Class 1 (SCERT)",true,"high","'Thir' = quiet / calm.","BE_QUIET","imperative",true,"easy","FLN-LANG-LST-01"
FLN-SAN-055,"जोड़ो।","Mesaye me.","ᱢᱮᱥᱟᱭ ᱢᱮ᱾","मेसाय मे।","Mathematics","Addition","Class 1","Mathematics","Single Digit Addition","Combines two groups of concrete objects.","2 apples + 1 apple activity.","Jharkhand Tribal Language & MTB-MLE FLN Curriculum 2024",true,"high","'Mesa' = mix / join / add together.","ADD_NUMBERS","imperative",true,"medium","FLN-MATH-ADD-01"
FLN-SAN-056,"घटाओ / निकालो।","Oḍok' me.","ᱚᱰᱚᱠ ᱢᱮ᱾","ओड़ोक मे।","Mathematics","Subtraction","Class 1","Mathematics","Single Digit Subtraction","Takes away objects from a collection to find remainder.","Take away 1 pencil from 3 pencils.","Jharkhand Tribal Language & MTB-MLE FLN Curriculum 2024",true,"high","'Oḍok'' = take out / subtract.","SUBTRACT_NUMBERS","imperative",true,"medium","FLN-MATH-SUB-01"
FLN-SAN-057,"यह क्या है?","Nowa do ched kana?","ᱱᱚᱶᱟ ᱫᱚ ᱪᱮᱫ ᱠᱟᱱᱟ?",,"नोवा दो चेद काना?","Reading","Vocabulary","Class 1","Language","Object Naming","Names concrete objects when pointed to by teacher.","Pointing to blackboard or tree.","Santhali Classroom Guide 2023",true,"high","Essential elicitation question.","WHAT_IS_THIS","interrogative",true,"easy","FLN-LANG-SPK-02"
FLN-SAN-058,"मेरे पीछे दोहराओ।","Iña tayom te roṛ me.","ᱤᱧᱟᱜ ᱛᱟᱭᱚᱢ ᱛᱮ ᱨᱚᱲ ᱢᱮ᱾","इञाग तायोम ते रोड़ मे।","Listening","Choral Repetition","Class 1","Language","Phonics & Pronunciation","Repeats phonemes and words after model pronunciation.","Chanting alphabet sounds.","Jharkhand Tribal Language & MTB-MLE FLN Curriculum 2024",true,"high","'Tayom te roṛ' = speak after / repeat.","REPEAT_AFTER_ME","imperative",true,"easy","FLN-LANG-LST-02"
FLN-SAN-059,"अपनी स्लेट पर लिखो।","Apnarag slate re ol me.","ᱟᱯᱱᱟᱨᱟᱜ ᱥᱞᱮᱴ ᱨᱮ ᱚᱞ ᱢᱮ᱾","आपनाराग स्लेट रे ओल मे।","Writing","Motor Skills","Class 1","General","Slate Writing","Practices letter and number stroke formation on slate.","Writing practice session in rural school.","Santhali Primer Class 1 (SCERT)",true,"high","Direct instruction for rural slate usage.","WRITE_ON_SLATE","imperative",true,"easy","FLN-LANG-WRT-01"
FLN-SAN-060,"लाइन बनाओ।","Thār benao pe.","ᱛᱷᱟᱨ ᱵᱮᱱᱟᱣ ᱯᱮ᱾","थार बेनाव पे।","Classroom management","Queue","Class 1","General","Queue & Assembly","Forms orderly line during assembly or dismissal.","Moving to meal area or playground.","Santhali Classroom Guide 2023",true,"high","'Thār' = line/row.","MAKE_LINE","imperative",true,"easy","FLN-LANG-LST-01"
